nom,latitue,longitude,type
ESQUIROL - METZ,43.6004912928,1.44567266016,CARREFOUR STANDARD
LAFOURCADE - SAINT MICHEL,43.5928542909,1.44443255394,CARREFOUR STANDARD
LEFEBVRE-REYNERIE,43.5659134888,1.39607419395,CARREFOUR STANDARD
ARENES St JEAN - BALMA,43.6154479937,1.49353236801,CARREFOUR STANDARD
SAINT HONEST - MATABIAU,43.6150103981,1.44241014414,CARREFOUR PIETON
JOULIN - ESPAGNE,43.5502692017,1.42096341982,CARREFOUR PIETON
GUYENNE - LANGUEDOC,43.585843202,1.34022511002,CARREFOUR STANDARD
PONT DU BEARNAIS,43.6120837183,1.42530727223,CARREFOUR STANDARD
FER A CHEVAL,43.5928090527,1.43442740996,CARREFOUR STANDARD
WIESEL  - ROUTE DE TOULOUSE,43.5700488739,1.30830359157,CARREFOUR STANDARD
SABATIER - BOULINGRIN,43.5960293429,1.45392154054,CARREFOUR PIETON
MARC ARCIS - MINIMES,43.6234159215,1.43436524459,CARREFOUR STANDARD
EMILE MALE,43.5913234653,1.41900012789,CARREFOUR STANDARD
NUNGESSER & COLI - DEODAT,43.5905351716,1.42026974156,CARREFOUR STANDARD
MEDITERRANEE - MARINE,43.5821035882,1.46309891259,CARREFOUR STANDARD
ECOLE SAINTE BARBE - DUPORTAL,43.6061417855,1.43465979628,CARREFOUR PIETON
DAYDE - SUISSE,43.6150720435,1.42099795182,CARREFOUR STANDARD
MULE - DORVAL,43.5945852218,1.45692932262,CARREFOUR STANDARD
LYCEE TOULOUSE LAUTREC - CURIE,43.6252167747,1.44107212837,CARREFOUR STANDARD
TOURAINE - SEYSSES,43.5724640817,1.41843312826,CARREFOUR STANDARD
JUIN - LONGAUD,43.5884680603,1.43992110598,CARREFOUR STANDARD
MOLETTE - LARDENNE,43.5909771338,1.38372690413,CARREFOUR STANDARD
BANVILLE - ALBI,43.6405703862,1.46629730722,CARREFOUR STANDARD
ECOLE  AMIDONNIERS - BRIENNE,43.6097393284,1.42053400454,CARREFOUR PIETON
SAINTE AUGUSTINE - MICHOUN,43.6250231064,1.46537098338,CARREFOUR STANDARD
LECLERC - BARCELONE,43.6066788861,1.43047056879,CARREFOUR STANDARD
LUMIERE - CASSELARDIT,43.6099011356,1.4056587225,CARREFOUR STANDARD
PHOEBUS - MURET,43.5896326332,1.43204885923,CARREFOUR STANDARD
PN 7- DEODAT,43.5885185231,1.42339227207,CARREFOUR PIETON
PPS JAPON - DEMOISELLES,43.5888768131,1.45753008303,CARREFOUR PPS
TOULON - TASSIGNY,43.5813092332,1.43849518638,CARREFOUR STANDARD
MINT - FRONTON,43.6393419364,1.43338342581,CARREFOUR STANDARD
AUBISQUE - CASTRES,43.5974634548,1.48161694193,CARREFOUR STANDARD
VIOLET LE DUC - PASSERIEU,43.5802604805,1.39105622966,CARREFOUR STANDARD
TISSIE - LARDENNE,43.5932831729,1.3935737605,CARREFOUR STANDARD
COURSES - LARDENNE,43.5920971373,1.39955868142,CARREFOUR STANDARD
VITARELLES - LARDENNE,43.5920292599,1.39821757308,CARREFOUR STANDARD
CUVIER - ALBI,43.6365672091,1.46434673579,CARREFOUR PIETON
GARE ROUTIERE - SEMARD,43.6127564796,1.4522772026,CARREFOUR STANDARD
CONCORDE - PRINTEMPS,43.6133461551,1.44638612695,CARREFOUR STANDARD
CONCORDE - MATABIAU,43.6150467651,1.44787147772,CARREFOUR STANDARD
TROIS FOURS - SAINT EXUPERY,43.5872269863,1.46184604071,CARREFOUR STANDARD
PERIOLE - MARENGO,43.6116579563,1.45628480214,CARREFOUR STANDARD
MONTCABRIER - MARENGO,43.6107652572,1.45744519391,CARREFOUR STANDARD
PAIN LEVE - DEODAT DE SEVERAC,43.5866684515,1.42617880949,CARREFOUR STANDARD
PAPIN - PUJOL,43.6017695961,1.45838732543,CARREFOUR PIETON
BD DE L'EUROPE - ROND POINT GAROSSOS,43.6652562759,1.36120510798,CARREFOUR STANDARD
PPS JEAN BHUNES - BOURRASSOL,43.6023047488,1.42037319139,CARREFOUR PPS
LAFAY - NARBONNE,43.5548469278,1.46803472135,CARREFOUR STANDARD
MARFAING - NARBONNE,43.557103041,1.46513576878,CARREFOUR STANDARD
CHATEAU DE L'HERS - CHAUBET,43.6053569181,1.47991680523,CARREFOUR STANDARD
GAYRAL - BLAGNAC,43.6154978828,1.40995423572,CARREFOUR STANDARD
PPS PELLEPORT - PLANA,43.6103027237,1.47908559621,CARREFOUR PPS
MOZART - VESTREPAIN,43.5885985587,1.42110119443,CARREFOUR PIETON
BERGES - DESBALS,43.5823094273,1.41415330492,CARREFOUR PIETON
COLIGNON - MINIMES,43.6153347721,1.4441894674,CARREFOUR STANDARD
CAMICHEL ESCANDE,43.6025466039,1.45652874837,CARREFOUR PIETON
MASSONIE - GRANDE BRETAGNE,43.6013653592,1.41206278677,CARREFOUR PIETON
PPS SOUPETARD - CRETES,43.6092385954,1.47076808167,CARREFOUR PPS
PPS FRANKLIN - BARCELONE,43.6084502162,1.42560315677,CARREFOUR PPS
GIRATOIRE BASSO CAMBO - VCSM,43.5701024148,1.39076766377,CARREFOUR STANDARD
Echangeur Borderouge NORD,43.6476343039,1.4556594311,CARREFOUR STANDARD
SUZANNE NOEL TOEC,43.6008257482,1.40371951127,CARREFOUR STANDARD
HAMEAU DE LASBORDES - BALMA,43.5947287302,1.4989199886,CARREFOUR PIETON
SANCY - RN88,43.6592761439,1.48707768771,CARREFOUR STANDARD
PYRENEES - St JEAN,43.6520050502,1.49765935342,CARREFOUR STANDARD
PPS GLOIRE - SOUPETARD,43.6072529824,1.46771649747,CARREFOUR PPS
MARNAC RD813 - RAMONVILLE,43.5492387484,1.47930361629,CARREFOUR STANDARD
PPS BAUDELAIRE - RAMONVILLE,43.5481715877,1.47218270407,CARREFOUR PPS
MALADIE RD813,43.5057887608,1.50820815987,CARREFOUR STANDARD
BERLIOZ SAND - BLAGNAC,43.6510897064,1.37406983788,CARREFOUR STANDARD
CARPENTIER ANDROMEDE - BLAGNAC,43.6527473302,1.374057462,CARREFOUR STANDARD
SAVARY ANDROMEDE - BLAGNAC,43.654358954,1.37341769741,CARREFOUR STANDARD
LINDBERGH AEROPORT- BLAGNAC,43.6306197438,1.37660966399,CARREFOUR STANDARD
BELISAIRE - PARC,43.633237867,1.38854115188,CARREFOUR STANDARD
CARRIERE MURIERS - BLAGNAC,43.6371029837,1.39487503921,CARREFOUR STANDARD
BOURDETTES RD23,43.5528835933,1.35563720169,CARREFOUR STANDARD
NEGRIER - ST JEAN,43.662871781,1.49764005142,CARREFOUR STANDARD
PPS GUILLAUMET - CRETES,43.6140990202,1.46606285176,CARREFOUR PPS
MONUMENT AUX COMBATTANTS - VERDIER,43.5996959365,1.45234341843,CARREFOUR STANDARD
PPS BOURGELAT - SEYSSES,43.5769722726,1.42192284618,CARREFOUR PPS
ASSEZAT - METZ,43.6001217191,1.44260158541,CARREFOUR STANDARD
CALQUET - LARDENNE,43.5937214491,1.39166744047,CARREFOUR STANDARD
GORP - SAINT MICHEL,43.5866532744,1.44699566696,CARREFOUR STANDARD
PPS GALLIENI - 92 Rte d'ESPAGNE,43.5730410456,1.42427333081,CARREFOUR PPS
PONT SEJOURNE,43.6071987496,1.42827770848,CARREFOUR STANDARD
PONT MONTAUDRAN,43.5985240703,1.45642480067,CARREFOUR STANDARD
VERDIER - BOULINGRIN,43.5967964436,1.452151339,CARREFOUR PIETON
BREGUET - SAINT EXUPERY,43.579715896,1.48124593647,CARREFOUR STANDARD
GARE LACOURTENSOURT - ETATS UNIS,43.6639539016,1.41446402466,CARREFOUR PIETON
URSS - RECOLLETS,43.5844006478,1.44787003813,CARREFOUR STANDARD
ALES - MURET,43.583336697,1.42685820488,CARREFOUR STANDARD
MOULIS - FRONTON,43.6636967623,1.4307654812,CARREFOUR STANDARD
GIRONIS - ESPAGNE,43.5629629623,1.42517072103,CARREFOUR STANDARD
BARRIERE DE BAYONNE,43.5978464402,1.41992334172,CARREFOUR STANDARD
ABATTOIRS - FITTE,43.6009553113,1.42857306556,CARREFOUR STANDARD
LALANNE - SEYSSES,43.5654546759,1.41057619693,CARREFOUR STANDARD
MESPLE CAMBOULIVES - VCSM,43.5704134949,1.3860466745,CARREFOUR STANDARD
CAMBOULIVES  St SIMON- VCSM,43.5722365743,1.38283645455,CARREFOUR STANDARD
SAINT BERNARD - STRASBOURG,43.6092564551,1.44502895355,CARREFOUR STANDARD
PONT DE BOIS RD813,43.5296705499,1.48832027999,CARREFOUR STANDARD
ROGUET - FITTE,43.59784526,1.43082707786,CARREFOUR STANDARD
GARE MATABIAU,43.6114937377,1.45269437264,CARREFOUR STANDARD
RECLUSANE - PONT ST PIERRE,43.5988769819,1.43241156013,CARREFOUR STANDARD
PETIT TRAIN - SAINT PIERRE,43.5836671236,1.3359329948,CARREFOUR STANDARD
VESTREPAIN - DEODAT DE SEVERAC,43.589451152,1.4219473871,CARREFOUR STANDARD
ANGES - NEGRENEYS,43.6202060727,1.4412318665,CARREFOUR STANDARD
COTEAUX - NARBONNE,43.5699654386,1.45547474001,CARREFOUR STANDARD
FLAMBERE - ARENES  ROMAINES,43.6179997788,1.39665724127,CARREFOUR STANDARD
PPS SAUVEGRAIN - LARDENNE,43.5900715949,1.3778963738,CARREFOUR PPS
CASSELARDIT - GRANDE BRETAGNE,43.6036786996,1.40691884039,CARREFOUR STANDARD
MERMOZ - DESBALS,43.5832799375,1.41481517285,CARREFOUR STANDARD
RENAN - AUDIBERT,43.6366514562,1.44418766014,CARREFOUR STANDARD
NAVES - PUJOL,43.6006133468,1.46389220521,CARREFOUR STANDARD
ECHANGEUR CROIX DAURADE - ALBI,43.6438895856,1.46839097013,CARREFOUR STANDARD
DAURAT - REVEL,43.5730953453,1.49320796002,CARREFOUR STANDARD
GAZAGNE - ARC SAINT CYPRIEN,43.5930609605,1.42853932576,CARREFOUR STANDARD
PPS BUTTE - SAINT EXUPERY,43.5815264107,1.47581721033,CARREFOUR PPS
LIBRE ECHANGE - POMPIDOU,43.6123168875,1.45852667168,CARREFOUR PIETON
SAINT HONEST - MINIMES,43.6154208368,1.44238446566,CARREFOUR PIETON
CAMBARD - ATLANTA,43.6289526918,1.47652261449,CARREFOUR STANDARD
NEGRENEYS - MINIMES,43.615978855,1.44055936947,CARREFOUR STANDARD
BIALAR - MINIMES,43.6223431697,1.43486855999,CARREFOUR STANDARD
PPS DANTON - JULES JULIEN,43.576587741,1.450980813,CARREFOUR PPS
BRIAND - RANGUEIL,43.5775600986,1.45202713318,CARREFOUR STANDARD
SARRETTE - ALBI,43.6452617737,1.46928570285,CARREFOUR STANDARD
ALLENDE - ETATS UNIS,43.6589548348,1.41893335558,CARREFOUR STANDARD
GAILLARDIE - RAMELET MOUNDI,43.5823101849,1.37047146046,CARREFOUR STANDARD
PORT SAINT SAUVEUR - SABATIER,43.5966680096,1.45574128271,CARREFOUR PIETON
14 JUILLET - ST SIMON,43.5898429918,1.41519565742,CARREFOUR STANDARD
GERBAULT - SAINT SIMON,43.5907586863,1.41772914553,CARREFOUR STANDARD
FRENAY - LAPUJADE,43.6253158994,1.45430435805,CARREFOUR STANDARD
BAZACLE - SEJOURNE,43.6054178033,1.42813288107,CARREFOUR STANDARD
CAHUZAC - REYNERIE,43.5658785153,1.39391857014,CARREFOUR STANDARD
COMPANS - MARENGO,43.6099832128,1.45506976595,CARREFOUR STANDARD
HOTEL DU DEPARTEMENT - MARQUETTE,43.615176645,1.43450262893,CARREFOUR STANDARD
MARENGO - SNCF,43.6107321167,1.45500794124,CARREFOUR STANDARD
PPS OURLIAC,43.5629497338,1.39156083398,CARREFOUR PPS
LANUSSE - BOURGES MAUNOURY,43.6352617932,1.45279221541,CARREFOUR STANDARD
LAMBIC - MINIMES,43.6259833049,1.43393571627,CARREFOUR PIETON
ARTHAUD - NETWILLER,43.6430471978,1.45597471789,CARREFOUR STANDARD
WOOLF - LAUNAGUET,43.6546183773,1.43781257362,CARREFOUR STANDARD
PADER - FRONTON,43.6365290922,1.43328785452,CARREFOUR STANDARD
GARE BUS - NETWILLER,43.6409867089,1.45273357596,CARREFOUR STANDARD
GRIFFON - LABEGE,43.5577872614,1.50358238738,CARREFOUR PIETON
PORT St ETIENNE - MONTAUDRAN,43.5994817819,1.45596022718,CARREFOUR STANDARD
PPS VAN DYCK - LAUNAGUET,43.6410113909,1.43914555131,CARREFOUR PPS
PPS DIEU BONNEFOY,43.6227646818,1.45867080881,CARREFOUR PPS
SANS - LOMBEZ,43.5952041323,1.41635192402,CARREFOUR PIETON
CARENES PRAT_LONG - BALMA,43.6273079237,1.48273479566,CARREFOUR STANDARD
MITTERRAND PRADEL - BALMA,43.603419811,1.50461834566,CARREFOUR STANDARD
EGLISE TOLOSANE - RAMONVILLE,43.5512045714,1.46998748258,CARREFOUR STANDARD
BAC TOLOSANE - RAMONVILLE,43.5467973622,1.47361114318,CARREFOUR STANDARD
GUYENNE - Rte GRENADE BLAGNAC,43.6312558213,1.39140870379,CARREFOUR STANDARD
TILLEULS  MURIERS - BLAGNAC,43.6360666159,1.38590915683,CARREFOUR STANDARD
PLACE DE CATALOGNE - BLAGNAC,43.6411943871,1.38031963417,CARREFOUR STANDARD
PLACE GEORGES BRASSENS - BLAGNAC,43.6479367577,1.37560480166,CARREFOUR STANDARD
SAND BRASSENS - BLAGNAC,43.6489673871,1.37500522941,CARREFOUR STANDARD
ZIEGLER REPUBLIQUE - BLAGNAC,43.6618145061,1.3636149608,CARREFOUR STANDARD
N° 7 AVENUE DIDIER DAURAT - BLAGNAC,43.6288865925,1.38004862609,CARREFOUR STANDARD
N° 27 RUE CHARLES LINDBERGH - BLAGNAC,43.6296121435,1.37810342455,CARREFOUR STANDARD
CUISINE CENTRALE - BLAGNAC,43.6217681372,1.39548335755,CARREFOUR STANDARD
REPUBLIQUE NOUGARO - BEAUZELLE,43.6623276144,1.3677317107,CARREFOUR STANDARD
PETIT JEAN RD23,43.5484592358,1.35093108469,CARREFOUR STANDARD
184 AVENUE GRANDE BRETAGNE,43.6015522818,1.41162680152,CARREFOUR PIETON
REVEL - ROCADE CAMPAGNE,43.5723902981,1.49547708465,CARREFOUR STANDARD
PPS OUSTALOUS -  ESPAGNE,43.5750721129,1.42421977406,CARREFOUR PPS
PPS RANGUEIL PARC - NARBONNE,43.5583679687,1.4641376347,CARREFOUR PPS
BETEILLE - BONNEFOY,43.6191318963,1.45665009086,CARREFOUR PIETON
BILA - ALBI,43.6268981238,1.45898854814,CARREFOUR PIETON
BENOZZI -CAULET,43.6063241234,1.35532694303,CARREFOUR STANDARD
MONTAGNE - LARDENNE,43.589853172,1.37056830037,CARREFOUR STANDARD
MAXWELL - LARDENNE,43.5902440536,1.36792326914,CARREFOUR STANDARD
PPS CITE DE L'ESPACE - GONORD,43.5867219657,1.49100987985,CARREFOUR PPS
PONT MATABIAU,43.6139387744,1.45076860143,CARREFOUR STANDARD
FERETRA - RECOLLETS,43.5839174919,1.44418709661,CARREFOUR STANDARD
TASSIGNY - SELLIER,43.5773634947,1.43633670753,CARREFOUR STANDARD
NOTRE DAME - SAINT MICHEL,43.5887457476,1.44621083901,CARREFOUR STANDARD
GARE DE BUS - ESPAGNE,43.5673673518,1.42480301646,CARREFOUR STANDARD
BACQUIE - ESPAGNE,43.5721358619,1.42429566973,CARREFOUR STANDARD
BARRIERE DE LOMBEZ,43.5957597797,1.41945138565,CARREFOUR STANDARD
ARMAGNAC - BONNEFOY,43.6176695714,1.45500849762,CARREFOUR STANDARD
LASBORDES - CASTRES,43.5948174025,1.48833983446,CARREFOUR STANDARD
GUILLAUMET - PLANA,43.6165726133,1.47289144265,CARREFOUR STANDARD
PLANA - CHAUBET,43.6064184364,1.48265815994,CARREFOUR STANDARD
EISENHOWER - SEYSSES,43.5581309973,1.40212163126,CARREFOUR STANDARD
BELLE FONTAINE - SEYSSES,43.5627569072,1.40751691316,CARREFOUR STANDARD
R.T.P. - SEYSSES,43.5446916561,1.38441573831,CARREFOUR STANDARD
BOULBONNE - METZ,43.6005822701,1.4482192988,CARREFOUR STANDARD
LYCEE AGRICOLE RD813,43.5345569039,1.48445211516,CARREFOUR PIETON
PONT RIQUET,43.6093884776,1.45415139415,CARREFOUR STANDARD
ECOLE GUILLAUMET- REVEL,43.5765369192,1.48742909818,CARREFOUR PIETON
MERLY - STRASBOURG,43.610556123,1.44341827274,CARREFOUR STANDARD
ARNAUD BERNARD - HONORE SERRES,43.6115437434,1.43872720222,CARREFOUR STANDARD
NONCESSE-BALMA,43.5981989372,1.50515448187,CARREFOUR STANDARD
LOUBERS - RN88,43.6498241593,1.47186858245,CARREFOUR STANDARD
GILET AUCH COLOMIERS,43.6083069593,1.33929578529,CARREFOUR STANDARD
SEGOFFIN - CRAMPEL,43.5836741707,1.45055046376,CARREFOUR STANDARD
MIDI - CRAMPEL,43.5852266544,1.45452094262,CARREFOUR STANDARD
BOURBAKI - TRENTIN,43.6255432215,1.43096085705,CARREFOUR STANDARD
PPS SAINT THOMAS D'AQUIN - URSS,43.5807978433,1.44931266005,CARREFOUR PPS
BLUM - JOLIMONT,43.6140580467,1.46111608765,CARREFOUR STANDARD
LES AVIONS - BEDOUCE,43.5763666029,1.45501342149,CARREFOUR STANDARD
LAMBERT - DESBALS,43.5791625498,1.41116015987,CARREFOUR STANDARD
BARTHE - CURIE,43.6261822525,1.43717866588,CARREFOUR STANDARD
DUCUING - NARBONNE,43.5635348064,1.46128165054,CARREFOUR STANDARD
ECOLE INFIRMIERES - GRANDE BRETAGNE,43.6059459613,1.40188465169,CARREFOUR STANDARD
NICOL -  AGDE,43.6251053965,1.47513871034,CARREFOUR PIETON
ITALIE - MIDI,43.584291983,1.4555135558,CARREFOUR STANDARD
SAUGES - NARBONNE,43.5552016523,1.46691461157,CARREFOUR STANDARD
PELUDE - NARBONNE,43.5669825832,1.45833329678,CARREFOUR STANDARD
AMOUROUX - ALBI,43.6263406138,1.45905265763,CARREFOUR STANDARD
EISENHOWER - SAINT SIMON,43.567934212,1.37665315794,CARREFOUR STANDARD
LABEGE - REVEL,43.5712018074,1.49852593425,CARREFOUR STANDARD
PASSERELLE RAISIN - MATABIAU,43.6151659005,1.44557373219,CARREFOUR PIETON
AGDE - ATLANTA,43.6269532702,1.47752912734,CARREFOUR STANDARD
OHNET - ATLANTA,43.6386275314,1.47119422892,CARREFOUR STANDARD
ORMEAU - REVEL,43.5788077969,1.48403634712,CARREFOUR STANDARD
PPS ECOLE RICARDIE - URSS,43.5827170608,1.44855366491,CARREFOUR PPS
PORT GARAUD - PONT SAINT MICHEL,43.5920959298,1.44209540281,CARREFOUR STANDARD
JARDIN DES PLANTES - MISTRAL,43.5928269936,1.4526513618,CARREFOUR PIETON
RAYNAL - BONNEFOY,43.6155463258,1.45258234493,CARREFOUR STANDARD
SORTIE RAISIN - MINIMES,43.615270815,1.44844897836,CARREFOUR STANDARD
LA LOGE - ESPAGNE,43.5678786521,1.42477947949,CARREFOUR STANDARD
L'ARC - STRASBOURG,43.6101207648,1.44412405638,CARREFOUR PIETON
AGDE ROCADE - VILLE BORDEAUX,43.6276665853,1.4784858769,CARREFOUR STANDARD
RISPET - LAUNAGUET,43.6484334706,1.43898055425,CARREFOUR STANDARD
CLARETIE - NOULET,43.5882641559,1.46456318561,CARREFOUR STANDARD
POULHES - VALLON,43.558759632,1.45667804253,CARREFOUR STANDARD
CIMETIERE - ALBI,43.6385559887,1.46531696331,CARREFOUR STANDARD
REGUELONGUE - ST SIMON,43.5624616921,1.37146078824,CARREFOUR STANDARD
CAUNES - ATLANTA,43.6399066646,1.46994191059,CARREFOUR STANDARD
RIQUET - DUPUY,43.600163285,1.45380581604,CARREFOUR PIETON
BELLEVUE - NARBONNE,43.560349236,1.46302621446,CARREFOUR STANDARD
HOPITAL MERE ENFANT - CASSELARDIT,43.6121303699,1.40269822038,CARREFOUR STANDARD
SAINT CAPRAIS - RN88,43.6472136162,1.47040407149,CARREFOUR STANDARD
MAIGNAN - MINIMES,43.6172525216,1.43687284558,CARREFOUR PIETON
PELUDE - RANGUEIL,43.5713837389,1.46266725275,CARREFOUR STANDARD
PPS EYDOUX - NARBONNE,43.5714226538,1.45390725683,CARREFOUR PPS
PPS PLATANES - JUIN,43.5860619871,1.4394511562,CARREFOUR PPS
PPS MAILLOL - TABAR,43.5743767653,1.4025690486,CARREFOUR PPS
BADIOU - MAILLART,43.5991400723,1.411225906,CARREFOUR STANDARD
PARKING BASTARD - PURPAN,43.6118221812,1.40158441012,CARREFOUR STANDARD
PPS EMILIE DE RODAT - LARDENNE,43.5914499675,1.38557178872,CARREFOUR PPS
SENEGAL - LABEGE,43.5656394117,1.5004393602,CARREFOUR STANDARD
GUILHERMY - VCSM,43.568592571,1.36900879161,CARREFOUR STANDARD
Tocqueville - BUN,43.6498816251,1.45610045365,CARREFOUR STANDARD
VENTENAT GALILEE - BALMA,43.6234560793,1.49371451162,CARREFOUR STANDARD
PYRENEES - RN88,43.6582397669,1.48300676843,CARREFOUR STANDARD
LIBERTE - BALMA,43.5944902859,1.50007024973,CARREFOUR STANDARD
MIMOSAS PINS - BLAGNAC,43.6390013506,1.38293889419,CARREFOUR STANDARD
GENERAL DE GAULLE PINS - BLAGNAC,43.6404286906,1.38243404496,CARREFOUR STANDARD
VELASQUEZ LATECOERE - BLAGNAC,43.6224872782,1.39194272888,CARREFOUR STANDARD
LEROY NADOT - BLAGNAC,43.624720944,1.38573319858,CARREFOUR STANDARD
LINDBERGH DUFOUR - BLAGNAC,43.6290471038,1.3786597327,CARREFOUR STANDARD
N° 25 RUE CHARLES LINDBERGH - BLAGNAC,43.6302289465,1.37740033798,CARREFOUR STANDARD
OUSTALET RD63 -GAGNAC,43.7034451216,1.37392018264,CARREFOUR PIETON
JERUSALEM - BELLEFONTAINE,43.5656896408,1.39870756604,CARREFOUR PIETON
PPS BAZERQUE - ENTREE VILLE,43.5813779099,1.39696077205,CARREFOUR PPS
FERRY - ETATS UNIS,43.6328760803,1.4316560936,CARREFOUR STANDARD
HORTENSIAS - RN88,43.6567430155,1.47951208698,CARREFOUR STANDARD
PPS VASES - VERDIER,43.5985790104,1.45254679011,CARREFOUR PPS
MASSE - BONNEFOY,43.6187463202,1.45621046135,CARREFOUR STANDARD
BAILLAUD - BRUNAUD,43.617632796,1.46603221752,CARREFOUR STANDARD
8 mai 1945 RD813 -RAMONVILLE,43.54192964,1.48173109357,CARREFOUR STANDARD
DAURADE - METZ,43.5996184961,1.44058583848,CARREFOUR STANDARD
PPS LOUIN,43.6288723567,1.45010133319,CARREFOUR PPS
PPS LAPIN - FRONTON,43.6517875063,1.43256064343,CARREFOUR PPS
LAPUJADE - BONNEFOY,43.6167855662,1.45400310592,CARREFOUR STANDARD
CUGNAUX - FITTE,43.5960211973,1.43215270324,CARREFOUR STANDARD
GUESDE - BOULINGRIN,43.5954505841,1.45130139825,CARREFOUR STANDARD
PONT DES DEMOISELLES,43.5876732369,1.46052188564,CARREFOUR STANDARD
LASCROSSES - RUE LASCROSSES,43.6107346252,1.43597084278,CARREFOUR STANDARD
CAMILLE PUJOL - CHAUBET,43.6007143426,1.46791908772,CARREFOUR STANDARD
ROND POINT CEPIERE,43.5839989073,1.39936146438,CARREFOUR STANDARD
PAYSSAT - REVEL,43.5752772379,1.48928069888,CARREFOUR STANDARD
ROQUELAINE - MATABIAU,43.6127384521,1.4487652825,CARREFOUR STANDARD
CHEVERRY - SEYSSES,43.5621802642,1.40677640115,CARREFOUR STANDARD
BOSQUETS - SEYSSES,43.5595396251,1.40358158779,CARREFOUR STANDARD
CAMMAS St SIMON - VCSM,43.5698987354,1.37980730495,CARREFOUR STANDARD
ENTREE BASE FRANCAZAL-SEYSSES PORTET,43.5377182779,1.36929348546,CARREFOUR STANDARD
LABEDA - CARNOT,43.6043524173,1.45009815516,CARREFOUR STANDARD
BORDEROUGE RD813,43.5278379564,1.49010959101,CARREFOUR STANDARD
PEUPLIER RD813,43.5228694266,1.49465546963,CARREFOUR STANDARD
ROOSEVELT - CARNOT,43.6057085662,1.44868219143,CARREFOUR STANDARD
PONT DES MINIMES,43.6160749477,1.43728387371,CARREFOUR STANDARD
PONT GUILHEMERY,43.6008534504,1.45652981254,CARREFOUR STANDARD
TCHAD - BILLIERES,43.5965603948,1.42400241479,CARREFOUR PIETON
EOROPE LILAS - BALMA,43.6096561107,1.49374688254,CARREFOUR STANDARD
RAMIER - PONT ST MICHEL,43.5922732561,1.43999162717,CARREFOUR STANDARD
SAINT EXUPERY - DOUMERGUE,43.5884095608,1.35880354756,CARREFOUR STANDARD
PEYROLIERES - PYRENEES,43.5660521643,1.29788339234,CARREFOUR STANDARD
MAUBEC -  PYRENEES,43.5642696091,1.29346897626,CARREFOUR STANDARD
CROIX DE PIERRE,43.5851363017,1.42835455258,CARREFOUR STANDARD
BARRIERE DE PARIS,43.6268811157,1.43380231399,CARREFOUR STANDARD
HERACLES - LASCROSSES,43.6083503841,1.42829275352,CARREFOUR STANDARD
PLACE BAYLAC,43.6079684081,1.39736317042,CARREFOUR STANDARD
GODOLIN - HONORE SERRES,43.6137266099,1.43801201272,CARREFOUR PIETON
SAINT ROCH - CASERNES,43.5797131402,1.44593402942,CARREFOUR STANDARD
VERNE - TRENTIN,43.6238675842,1.42777948974,CARREFOUR STANDARD
OURLIAC - EISENHOWER,43.5618912403,1.39074281296,CARREFOUR STANDARD
LIFFART - ST SIMON,43.5651791297,1.37367719982,CARREFOUR STANDARD
TOEC - LARDENNE,43.5925237083,1.40171303064,CARREFOUR STANDARD
CRETES - CASTRES,43.6007318081,1.47602893442,CARREFOUR STANDARD
RIEUX - DELTOUR,43.5912622735,1.46919676808,CARREFOUR STANDARD
PASSERELLE SAINT AUBIN - ESCANDE,43.6036510273,1.45661234072,CARREFOUR PIETON
LOUBENS - LAUNAGUET,43.6311632664,1.43816665947,CARREFOUR STANDARD
LEMERCIER  - BARCELONE,43.6091356198,1.4236919342,CARREFOUR PIETON
VASSEUR - ATLANTA,43.6357898807,1.47292369291,CARREFOUR STANDARD
BOURGES MAUNOURY - RENAN,43.6273416391,1.44572756016,CARREFOUR STANDARD
PPS BROMBACH - LARDENNE,43.592994276,1.404388744,CARREFOUR PPS
HOTEL DE POLICE - EMBOUCHURE,43.6155475186,1.43402168829,CARREFOUR STANDARD
MONTPLAISIR - MISTRAL,43.5927846769,1.45329119174,CARREFOUR PIETON
SEBASTOPOL - LASCROSSES,43.6090771843,1.43066990315,CARREFOUR STANDARD
GAUGUIN - LALANNE,43.5662325865,1.40651822971,CARREFOUR PIETON
ZAY - FRONTON,43.6489827774,1.43292362508,CARREFOUR STANDARD
LARRIEU - SEYSSES,43.5562701565,1.40044504462,CARREFOUR STANDARD
FRENAY - RAYNAL,43.6276923832,1.45219816037,CARREFOUR STANDARD
MARQUETTE - SEBASTOPOL,43.612549938,1.42857273719,CARREFOUR STANDARD
VITET - DORVAL,43.5910101191,1.46029235217,CARREFOUR STANDARD
COLUMBUS - ATLANTA,43.6310260243,1.47543371651,CARREFOUR STANDARD
TOLOSANE - GRANDS CHENES,43.5530328584,1.46874536087,CARREFOUR STANDARD
MOIROUD - MARENGO,43.6101156003,1.45639735595,CARREFOUR STANDARD
CARAMAN - CARNOT,43.6023119672,1.45185229857,CARREFOUR PIETON
KOENIGS - ROQUEMAUREL,43.596962937,1.41972076707,CARREFOUR STANDARD
BOURDETTE - NARBONNE,43.5558447066,1.46625345732,CARREFOUR STANDARD
SEEL - St SAUVEUR,43.5969111585,1.45671283537,CARREFOUR STANDARD
RAYMOND IV - MATABIAU,43.612436353,1.45163212138,CARREFOUR STANDARD
PPS MENUISIERS - JUIN,43.591130447,1.44133138086,CARREFOUR PPS
ABREUVOIR  ST PIERRE - BRIENNE,43.6060525755,1.43065970697,CARREFOUR PIETON
BORN - BONREPOS,43.6102160673,1.45289687125,CARREFOUR STANDARD
I.A.S - TARFAYA,43.5624290684,1.48424551072,CARREFOUR STANDARD
STATION ZENITH - MAILLART,43.5948061207,1.40967475164,CARREFOUR STANDARD
SARCEY - LECLERC,43.6076573873,1.43119795596,CARREFOUR PIETON
POLITKOVSKAIA - SUISSE,43.6130959995,1.41977059387,CARREFOUR STANDARD
PPS POLDERMAN -  LESPINET,43.5740748018,1.47380785526,CARREFOUR PPS
SANTIAGO DU CHILI - REVEL,43.5674564192,1.50659860082,CARREFOUR STANDARD
CAP GEMINI - EISENHOWER,43.5662475276,1.3797752982,CARREFOUR STANDARD
BOYALS - TOEC,43.6020183747,1.40368832382,CARREFOUR STANDARD
PALEFICAT - BUN,43.6520344522,1.45758943569,CARREFOUR STANDARD
Virebent - BUN,43.6545920764,1.45961596214,CARREFOUR STANDARD
GARE BUS - ARENES,43.5926148816,1.41898291139,CARREFOUR STANDARD
PPS ALPHAND - FRONTON,43.6548115382,1.43225042558,CARREFOUR PPS
2 ORMEAUX TOLOSANE - RAMONVILLE,43.5403470745,1.47910468026,CARREFOUR STANDARD
SAINT MICHEL DU TOUCH - Rte GRENADE BLAGNAC,43.6228701736,1.39518820714,CARREFOUR STANDARD
BELISAIRE - Rte GRENADE BLAGNAC,43.6342580581,1.39099411201,CARREFOUR STANDARD
ARAGON MARTIN - BLAGNAC,43.6441600145,1.37890077831,CARREFOUR STANDARD
MONTAIGNE DALI - BLAGNAC,43.6451255495,1.3761555662,CARREFOUR STANDARD
ANDROMEDE - BLAGNAC,43.6554267417,1.36759212311,CARREFOUR STANDARD
St MICHEL LATECOERE - BLAGNAC,43.6218197139,1.39451586883,CARREFOUR STANDARD
RAYMOND NADOT - BLAGNAC,43.6237019831,1.38825736756,CARREFOUR STANDARD
POTEZ DEWOITINE - BLAGNAC,43.6251458436,1.38246737621,CARREFOUR STANDARD
DABRY AEROPORT- BLAGNAC,43.6321309174,1.37512601597,CARREFOUR STANDARD
BERLIOT - SAND,43.6541369716,1.36842327193,CARREFOUR STANDARD
TAHITI  RIEUX,43.5806607927,1.48196120753,CARREFOUR STANDARD
LAVANDIERES - REPUBLIQUE,43.5236047497,1.3427185597,CARREFOUR STANDARD
PPS BOURLIAGUET -BAZERQUE,43.5763406051,1.39573713252,CARREFOUR PPS
PPS BRAQUE - BELLEFONTAINE,43.5650260317,1.40117257567,CARREFOUR PPS
COLOMBETTE - GLOIRE,43.6051001226,1.45691783295,CARREFOUR STANDARD
BASSO CAMBO - EISENHOWER,43.5636651227,1.3868762249,CARREFOUR STANDARD
PPS HEREDIA - CRETES,43.6121363585,1.46750436708,CARREFOUR PPS
LAROUSSE RIEUX,43.5975103776,1.45891742443,CARREFOUR PIETON
MISTRAL - BOULINGRIN,43.5947891529,1.45284060074,CARREFOUR PIETON
PASSAGE PIETON 8 MAI 1945 RD81,43.5408749596,1.48169649848,CARREFOUR PIETON
PARKING MONESTIE - RTE DE LOMBEZ,43.5628094096,1.28967733112,CARREFOUR STANDARD
CITE DE L' HERS - CASTRES,43.5966895384,1.48308975669,CARREFOUR PIETON
P+R BASSO CAMBO - BAZERQUE,43.5711128493,1.3916155388,CARREFOUR STANDARD
CROIX DAURADE - NICOL,43.6356709742,1.46395336742,CARREFOUR STANDARD
ROLAND - CARNOT,43.6036588913,1.45082716892,CARREFOUR STANDARD
LECLERC - LASCROSSES,43.6096977435,1.43266458514,CARREFOUR STANDARD
DUPORTAL - LASCROSSES,43.6103890403,1.43487308409,CARREFOUR STANDARD
FRIZAC - DUMERIL,43.5910111177,1.45263264332,CARREFOUR STANDARD
LAVAUR - BONNEFOY,43.6213084504,1.45791135801,CARREFOUR STANDARD
SAINT LAURENT - BONNEFOY,43.6162037227,1.45328369449,CARREFOUR STANDARD
CASSAGNE - RIEUX,43.5960313341,1.46295923015,CARREFOUR STANDARD
PONTS  JUMEAUX,43.6112010133,1.41945939886,CARREFOUR STANDARD
LESTANG - EISENHOWER,43.559950283,1.39490324389,CARREFOUR STANDARD
BERNET - EISENHOWER,43.5589650464,1.39851757562,CARREFOUR STANDARD
MARTYRS - SEYSSES,43.5702262043,1.41608733353,CARREFOUR STANDARD
VIE - REPUBLIQUE,43.5980623834,1.43206583168,CARREFOUR STANDARD
MONUMENT AUX COMBATTANTS - CARNOT,43.6004139072,1.45197282775,CARREFOUR STANDARD
JEANNE D'ARC - STRASBOURG,43.6084595161,1.44583907921,CARREFOUR STANDARD
INGRES - EUROPE,43.601142895,1.35479040559,CARREFOUR STANDARD
BENEZET - MURET,43.5885478829,1.43116837437,CARREFOUR STANDARD
RD23 - VCSM,43.5541220813,1.3584259953,CARREFOUR STANDARD
CAILLOU GRIS - MINIMES,43.6201340343,1.43596596304,CARREFOUR STANDARD
PRAT - PYRENEES,43.5683122047,1.30301649531,CARREFOUR STANDARD
ESTEBE - MINIMES,43.6182643999,1.43656588265,CARREFOUR PIETON
ARMAING - PYRENEES,43.5645732557,1.29423458443,CARREFOUR STANDARD
PPS BOURDON - ALBI,43.6290113752,1.46084489902,CARREFOUR PPS
MANUTENTION - ROLAND GARROS,43.6155676375,1.42425396628,CARREFOUR STANDARD
DUROUX - NAVES,43.596369004,1.47827891177,CARREFOUR STANDARD
BEDOUCE - LAURAGAIS,43.5783291979,1.45783738917,CARREFOUR STANDARD
JEAN BRUNHES - FONTAINES,43.6006226599,1.42028569409,CARREFOUR STANDARD
CASERNE VION - FITTE,43.5940439903,1.43361595049,CARREFOUR STANDARD
AYGA - CHAUBET,43.6051358066,1.47870643805,CARREFOUR STANDARD
LAMARTINE - DESBALS,43.5876235249,1.41814310295,CARREFOUR STANDARD
TOEC - GRANDE BRETAGNE,43.6044132364,1.40498534144,CARREFOUR STANDARD
KIEV - REYNERIE,43.5709189515,1.40869019609,CARREFOUR STANDARD
SANG DE SERP - SUISSE,43.6200902053,1.42399087893,CARREFOUR STANDARD
ALBI - ATLANTA,43.6419251864,1.46714268629,CARREFOUR STANDARD
PPS SAINTE LUCIE,43.5932083366,1.4314636135,CARREFOUR PPS
GABARDIE - AGDE,43.6294138943,1.48264539538,CARREFOUR STANDARD
CES LALANDE - SEMINAIRE,43.6400900118,1.43547622041,CARREFOUR PIETON
RENOIR - NICOL,43.6338993232,1.46833421379,CARREFOUR STANDARD
BRAVES - GRANDE BRETAGNE,43.5986465677,1.41813000198,CARREFOUR STANDARD
PASSERELLE RAISIN - MINIMES,43.6155562527,1.44551972879,CARREFOUR PIETON
DELORME - BRIENNE,43.6087167653,1.42326080055,CARREFOUR PIETON
BOUTINON - MURET,43.5819833639,1.42576462764,CARREFOUR STANDARD
VIALA - JULES JULIEN,43.5743162593,1.45186818571,CARREFOUR STANDARD
PPS ECOLE DU NORD - ARCOLE,43.6110784187,1.44138161155,CARREFOUR PPS
PPS DENFERT ROCHEREAU - STRASBOURG,43.6070048185,1.44735299787,CARREFOUR PPS
ESPAGNO - CASSELARDIT,43.6133077945,1.40151735093,CARREFOUR STANDARD
SEPT DENIERS - BLAGNAC,43.616505107,1.40885767826,CARREFOUR PIETON
CHAUBET - ROCADE CAMPAGNE,43.6073920735,1.4852980076,CARREFOUR STANDARD
AGDE ROCADE - CAMPAGNE BORDEAUX,43.6281684508,1.47941132122,CARREFOUR STANDARD
FONTENELLE - SAINT EXUPERY,43.5806046084,1.47852860264,CARREFOUR PIETON
CHARLEVILLE - GRANDE  BRETAGNE,43.6025534489,1.40943094085,CARREFOUR STANDARD
DORVAL - MEDITERRANEE,43.5891875873,1.46075905117,CARREFOUR STANDARD
CHAUSSAS - EMBOUCHURE,43.6149671289,1.43302636788,CARREFOUR STANDARD
CLEMATITES - REVEL,43.5691810422,1.50304762806,CARREFOUR PIETON
PPS QUILMERY - SAINT PIERRE,43.599936137,1.43316891102,CARREFOUR PPS
PPS SAINT HIPPOLYTE - MURET,43.5804135528,1.42446224963,CARREFOUR PPS
MARCHANT - ESPAGNE,43.5595041115,1.42463791791,CARREFOUR STANDARD
VOUET - SEYSSES,43.5531035655,1.39728899226,CARREFOUR STANDARD
PPS BARCELONE - BRIENNE,43.6104498397,1.42005561454,CARREFOUR PPS
PPS SOLIDARITE - PLANA,43.6085927331,1.48039910623,CARREFOUR PPS
PPS REYNERIE - ECOLE,43.5693808912,1.40818468502,CARREFOUR PPS
LICARD - SAINT SIMON,43.5610154222,1.36963260106,CARREFOUR STANDARD
PPS CASINO SORTIE,43.5684667425,1.39260120816,CARREFOUR PPS
MELAT- BOURGES MAUNOURY,43.6371468465,1.45270309599,CARREFOUR STANDARD
PPS PRADAL - RIEUX,43.5938587031,1.4658810664,CARREFOUR PPS
PPS CRETES,43.6151498724,1.4652765805,CARREFOUR PPS
NETWILLER-MAUNOURY,43.6403498825,1.45175803968,CARREFOUR STANDARD
NEGOGOUSSES - COURSES,43.5933348833,1.40893347506,CARREFOUR STANDARD
ROQUEMAUREL - MAILLART,43.5956319479,1.40995587027,CARREFOUR STANDARD
ECOLE INFIRMIERE - BASTARD,43.6074628197,1.40224246533,CARREFOUR STANDARD
ESPAGNO - ARENES ROMAINES,43.6140043419,1.39726833114,CARREFOUR STANDARD
PPS CITE DU 2 MAI 1944 - FERETRA,43.5796217437,1.44346116211,CARREFOUR PPS
ROSTAND - BUN,43.6451333403,1.45517515398,CARREFOUR STANDARD
PPS DAUMIER - FRONTON,43.6603777297,1.43161865611,CARREFOUR PPS
Echangeur Borderouge SUD,43.6457477211,1.45515959439,CARREFOUR STANDARD
TUCAUT - VCSM,43.5600939828,1.36059043806,CARREFOUR STANDARD
THIBAUD - DAMOYSEL,43.5484765709,1.39996621248,CARREFOUR STANDARD
PPS 7 TROUBADOURS - RIQUET,43.6078294133,1.45504039529,CARREFOUR PPS
124 RUE DE VELASQUEZ,43.6122112084,1.38359095915,CARREFOUR STANDARD
LATECOERE - RAMONVILLE,43.5543671854,1.47679945874,CARREFOUR STANDARD
CIGOGNES - RAMONVILLE,43.5522656039,1.46925729893,CARREFOUR STANDARD
BERGES TOLOSANE - RAMONVILLE,43.5448161091,1.47615253536,CARREFOUR STANDARD
SERVANTY - Rte GRENADE BLAGNAC,43.6251453456,1.39345915814,CARREFOUR STANDARD
PARC MURIERS - BLAGNAC,43.6360875907,1.38784604494,CARREFOUR STANDARD
CORNEBARRIEU PINS - BLAGNAC,43.6375926413,1.38352157655,CARREFOUR STANDARD
GAROSSOS - BLAGNAC,43.6632009307,1.36243236856,CARREFOUR STANDARD
LATECOERE ARIANE - BLAGNAC,43.6229690138,1.3909228268,CARREFOUR STANDARD
N° 3 AVENUE DIDIER DAURAT - BLAGNAC,43.627145972,1.38104324943,CARREFOUR STANDARD
TONNELIERS RTE de GRENADE - BLAGNAC,43.6453297426,1.38505394526,CARREFOUR PIETON
MITTERRAND - BLAGNAC,43.6551101702,1.37819611713,CARREFOUR PIETON
PPS RTE GRENADE - BEAUZELLE,43.663380073,1.37270781804,CARREFOUR PPS
BAUDELAIRE - ST JEAN,43.6637586522,1.50139968919,CARREFOUR STANDARD
MARAICHERS - IUT RANGUEIL,43.5693501291,1.46409812667,CARREFOUR STANDARD
PPS IUT PONSAN - NARBONNE,43.5660686869,1.45908191336,CARREFOUR PPS
BERNADETTE - SEYSSES,43.5739979203,1.41965167983,CARREFOUR STANDARD
PPS CHARPENTIER - SEYSSES,43.5756205768,1.42093316518,CARREFOUR PPS
PPS PENENT SORTIE VILLE - ESPAGNE,43.5766092695,1.42410105862,CARREFOUR PPS
OZENNE - GUESDE,43.5947715272,1.44883980985,CARREFOUR STANDARD
BARBUSSE - ESPAGNE,43.5791283678,1.42354006186,CARREFOUR STANDARD
GAYE MARIE - BENOZZI,43.6047310122,1.35504622665,CARREFOUR STANDARD
DEPOSE GARE -LYON,43.614973328,1.45193934742,CARREFOUR STANDARD
SPORT - JAURES,43.6779626755,1.39278782761,CARREFOUR STANDARD
Bd de l'Europe - Avenue de Garossos,43.6645656024,1.36180603695,CARREFOUR STANDARD
PPS SAINT JACQUES - VERDIER,43.5979448259,1.4520327999,CARREFOUR PPS
CARMES - LANGUEDOC,43.5980397689,1.44555946723,CARREFOUR STANDARD
VERDIER - BOULINGRIN,43.5968267307,1.45276273927,CARREFOUR PIETON
BACHELIER - JAURES,43.6074920639,1.45133160045,CARREFOUR STANDARD
FERRY - FRONTON,43.6333819168,1.43338753565,CARREFOUR STANDARD
DUCLOS - FRONTON,43.6449324762,1.43332105652,CARREFOUR STANDARD
CORNEILLE - SAINT SIMON,43.5891933875,1.41338972847,CARREFOUR STANDARD
GASCOGNE - BILLIERES,43.5971438606,1.42713504724,CARREFOUR STANDARD
BARRAU - SAINT EXUPERY,43.5858276672,1.46529380181,CARREFOUR STANDARD
MARENGO - POMPIDOU,43.6117776318,1.45768292804,CARREFOUR STANDARD
LARTET - RIEUX,43.5839988329,1.47793972246,CARREFOUR STANDARD
ROSERAIE,43.6200201097,1.46887837954,CARREFOUR STANDARD
VARSI - FITTE,43.5994982268,1.4296419865,CARREFOUR STANDARD
RIMONT - SEYSSES,43.5608555363,1.40504436629,CARREFOUR STANDARD
SEYSSES - FRANCAZAL,43.5398392454,1.37356067809,CARREFOUR STANDARD
LIMAYRAC - GONORD,43.5919457669,1.49039759081,CARREFOUR STANDARD
STATION SUD RD813 - RAMONVILLE,43.5372569484,1.48214670292,CARREFOUR STANDARD
